kills,assists,deaths,cs,turrets,dragons,barons,first_blood,CS_pts,KDA_pts,TDFB_pts,WIN_pts,PTV
4.0,1.0,9.0,252.0,8.0,2.0,1.0,0.0,5.04,3.25,1.7000000000000002,2.0,11.989999999999998
1.0,3.0,1.0,213.0,0.0,1.0,0.0,0.0,4.26,0.15000000000000008,0.2,0.0,4.61
0.0,2.0,11.0,203.0,8.0,1.0,1.0,1.0,4.0600000000000005,1.9000000000000001,2.0,2.0,9.96
3.0,1.0,5.0,219.0,10.0,4.0,1.0,1.0,4.38,2.0500000000000003,2.8,2.0,11.23
2.0,2.0,11.0,206.0,9.0,3.0,1.0,0.0,4.12,2.7,2.0,2.0,10.82
