kills,assists,deaths,cs,turrets,dragons,barons,first_blood,K_pts,D_pts,A_pts,CS_pts,KDA_pts,TDFB_pts,WIN_pts,PTV
4,1,9,252,8,2,1,False,1.6,-0.15,1.8,5.04,3.25,1.7000000000000002,2000,2009.99
1,3,1,213,0,1,0,False,0.4,-0.45,0.2,4.26,0.15000000000000002,0.2,0,4.61
0,2,11,203,8,1,1,True,0.0,-0.3,2.2,4.06,1.9000000000000001,501.5,2000,2507.46
3,1,5,219,10,4,1,True,1.2,-0.15,1.0,4.38,2.05,502.3,2000,2508.73
2,2,11,206,9,3,1,False,0.8,-0.3,2.2,4.12,2.7,2.0,2000,2008.82
