kills,assists,deaths,cs,turrets,dragons,barons,first_blood,CS_pts,KDA_pts,TDFB_pts,WIN_pts,PTV
8.0,1.0,6.0,543.0,9.0,3.0,1.0,0.0,8.145,3.9,2.0,2.0,16.045
7.0,0.0,7.0,372.0,11.0,1.0,2.0,0.0,5.58,3.8500000000000005,2.3,2.0,13.73
0.0,1.0,3.0,231.0,1.0,2.0,0.0,1.0,3.465,0.24999999999999994,1.0,0.0,4.715
7.0,0.0,4.0,363.0,10.0,4.0,2.0,0.0,5.444999999999999,3.4000000000000004,2.8,2.0,13.645
4.0,2.0,4.0,356.0,3.0,3.0,0.0,1.0,5.34,1.8000000000000003,1.4000000000000001,0.0,8.540000000000001
14.0,3.0,7.0,385.0,9.0,3.0,2.0,0.0,5.7749999999999995,6.05,2.5,2.0,16.325
9.0,0.0,6.0,385.0,9.0,1.0,1.0,1.0,5.7749999999999995,4.5,2.1,2.0,14.374999999999998
5.0,5.0,3.0,457.0,4.0,2.0,1.0,1.0,6.8549999999999995,1.45,1.8,0.0,10.105
