kills,assists,deaths,cs,turrets,dragons,barons,first_blood,K_pts,D_pts,A_pts,CS_pts,KDA_pts,TDFB_pts,WIN_pts,PTV
8,1,6,543,9,3,1,False,3.2,-0.2,0.8999999999999999,8.145,3.9,2.0,2.0,16.045
7,0,7,372,11,1,2,False,2.8000000000000003,-0.0,1.05,5.58,3.8500000000000005,2.3,2.0,13.73
0,1,3,231,1,2,0,True,0.0,-0.2,0.44999999999999996,3.465,0.24999999999999994,1.0,0.0,4.715
7,0,4,363,10,4,2,False,2.8000000000000003,-0.0,0.6,5.444999999999999,3.4000000000000004,2.8,2.0,13.645
4,2,4,356,3,3,0,True,1.6,-0.4,0.6,5.34,1.8000000000000003,1.4000000000000001,0.0,8.540000000000001
14,3,7,385,9,3,2,False,5.6000000000000005,-0.6000000000000001,1.05,5.7749999999999995,6.05,2.5,2.0,16.325
9,0,6,385,9,1,1,True,3.6,-0.0,0.8999999999999999,5.7749999999999995,4.5,2.1,2.0,14.374999999999998
5,5,3,457,4,2,1,True,2.0,-1.0,0.44999999999999996,6.8549999999999995,1.45,1.8,0.0,10.105
