kills,assists,deaths,cs,turrets,dragons,barons,first_blood,K_pts,D_pts,A_pts,CS_pts,KDA_pts,TDFB_pts,WIN_pts,PTV
3,3,8,344,9,3,1,False,1.2,-0.6,1.2,5.16,1.7999999999999998,2.0,2000,2008.96
2,2,4,326,11,1,2,False,0.8,-0.4,0.6,4.89,1.0,2.3,2000,2008.19
0,3,2,220,1,2,0,True,0.0,-0.6,0.3,3.3,-0.3,500.5,0,503.5
4,0,7,312,10,4,2,False,1.6,0.0,1.05,4.68,2.6500000000000004,2.8,2000,2010.13
3,2,5,332,3,3,0,True,1.2,-0.4,0.75,4.98,1.5499999999999998,500.9,0,507.42999999999995
4,1,9,344,9,3,2,False,1.6,-0.2,1.35,5.16,2.75,2.5,2000,2010.41
2,1,12,267,9,1,1,True,0.8,-0.2,1.8,4.005,2.4000000000000004,501.6,2000,2508.005
2,5,3,363,4,2,1,True,0.8,-1.0,0.45,5.445,0.25000000000000006,501.3,0,506.995
