kills,assists,deaths,cs,turrets,dragons,barons,first_blood,K_pts,D_pts,A_pts,CS_pts,KDA_pts,TDFB_pts,WIN_pts,PTV
3,3,8,344,9,3,1,False,1.2,-0.6,1.2,5.16,1.8,2.0,2.0,10.96
2,2,4,326,11,1,2,False,0.8,-0.4,0.6,4.89,1.0,2.3,2.0,10.19
0,3,2,220,1,2,0,True,0.0,-0.6,0.3,3.3,-0.3,1.0,0.0,4.0
4,0,7,312,10,4,2,False,1.6,0.0,1.05,4.68,2.65,2.8,2.0,12.129999999999999
3,2,5,332,3,3,0,True,1.2,-0.4,0.75,4.98,1.55,1.4,0.0,7.93
4,1,9,344,9,3,2,False,1.6,-0.2,1.35,5.16,2.75,2.5,2.0,12.41
2,1,12,267,9,1,1,True,0.8,-0.2,1.8,4.005,2.4,2.1,2.0,10.504999999999999
2,5,3,363,4,2,1,True,0.8,-1.0,0.45,5.445,0.25,1.8,0.0,7.495
