kills,assists,deaths,cs,turrets,dragons,barons,first_blood,CS_pts,KDA_pts,TDFB_pts,WIN_pts,PTV
3,3,8,344,9,3,1,False,5.16,1.8,2.0,2.0,10.96
2,2,4,326,11,1,2,False,4.89,1.0,2.3,2.0,10.19
0,3,2,220,1,2,0,True,3.3,-0.3000000000000001,1.0,0.0,3.9999999999999996
4,0,7,312,10,4,2,False,4.68,2.6500000000000004,2.8,2.0,12.129999999999999
3,2,5,332,3,3,0,True,4.9799999999999995,1.5500000000000003,1.4000000000000001,0.0,7.93
4,1,9,344,9,3,2,False,5.16,2.75,2.5,2.0,12.41
2,1,12,267,9,1,1,True,4.005,2.4,2.1,2.0,10.504999999999999
2,5,3,363,4,2,1,True,5.444999999999999,0.25,1.8,0.0,7.494999999999999
