kills,assists,deaths,cs,turrets,dragons,barons,first_blood,CS_pts,KDA_pts,TDFB_pts,WIN_pts,PTV
4.0,0.0,4.0,252.0,11.0,4.0,1.0,1.0,5.04,2.4000000000000004,2.9000000000000004,2.0,12.34
6.0,3.0,4.0,322.0,6.0,0.0,2.0,0.0,6.44,2.7500000000000004,1.6,0.0,10.790000000000001
7.0,0.0,2.0,333.0,9.0,4.0,2.0,1.0,6.66,3.2,3.2,2.0,15.059999999999999
2.0,1.0,0.0,286.0,2.0,1.0,0.0,1.0,5.72,0.65,0.9,0.0,7.2700000000000005
0.0,3.0,1.0,247.0,0.0,0.0,0.0,0.0,4.94,-0.24999999999999994,0.0,0.0,4.69
6.0,1.0,4.0,325.0,9.0,3.0,1.0,0.0,6.5,3.0500000000000007,2.0,2.0,13.55
3.0,4.0,0.0,186.0,1.0,0.0,0.0,0.0,3.72,0.6000000000000002,0.1,0.0,4.42
5.0,1.0,10.0,356.0,10.0,4.0,2.0,0.0,7.12,3.85,2.8,2.0,15.77
