kills,assists,deaths,cs,turrets,dragons,barons,first_blood,CS_pts,KDA_pts,TDFB_pts,WIN_pts,PTV
5,3,9,305,9,3,2,False,4.575,2.75,2.5,2.0,11.825
8,1,8,294,10,3,1,False,4.41,4.2,2.1,2.0,12.709999999999999
4,0,5,251,9,4,1,False,3.7649999999999997,2.35,2.2,2.0,10.315000000000001
6,0,12,202,9,2,1,True,3.03,4.2,2.3,2.0,11.530000000000001
