kills,assists,deaths,cs,turrets,dragons,barons,first_blood,CS_pts,KDA_pts,TDFB_pts,WIN_pts,PTV
5.0,3.0,9.0,305.0,9.0,3.0,2.0,0.0,4.575,2.75,2.5,2.0,11.825
8.0,1.0,8.0,294.0,10.0,3.0,1.0,0.0,4.41,4.2,2.1,2.0,12.709999999999999
4.0,0.0,5.0,251.0,9.0,4.0,1.0,0.0,3.7649999999999997,2.35,2.2,2.0,10.315000000000001
6.0,0.0,12.0,202.0,9.0,2.0,1.0,1.0,3.03,4.2,2.3,2.0,11.530000000000001
