kills,assists,deaths,cs,turrets,dragons,barons,first_blood,CS_pts,KDA_pts,TDFB_pts,WIN_pts,PTV
7,3,8,164,9,4,1,True,2.8000000000000003,-0.44999999999999996,1.6,3.2800000000000002,3.9500000000000006,2.7,2.0,11.93
8,0,9,192,10,4,1,False,3.2,-0.0,1.8,3.84,5.0,2.3,2.0,13.14
3,2,11,185,10,4,2,True,1.2000000000000002,-0.3,2.2,3.7,3.1000000000000005,3.3,2.0,12.100000000000001
3,2,10,180,9,2,1,True,1.2000000000000002,-0.3,2.0,3.6,2.9000000000000004,2.3,2.0,10.8
1,3,1,171,2,1,0,False,0.4,-0.44999999999999996,0.2,3.42,0.15000000000000008,0.4,0.0,3.9699999999999998
