kills,assists,deaths,cs,turrets,dragons,barons,first_blood,CS_pts,KDA_pts,TDFB_pts,WIN_pts,PTV
7.0,3.0,8.0,164.0,9.0,4.0,1.0,1.0,3.2800000000000002,3.9500000000000006,2.7,2.0,11.93
8.0,0.0,9.0,192.0,10.0,4.0,1.0,0.0,3.84,5.0,2.3,2.0,13.14
3.0,2.0,11.0,185.0,10.0,4.0,2.0,1.0,3.7,3.1000000000000005,3.3,2.0,12.100000000000001
3.0,2.0,10.0,180.0,9.0,2.0,1.0,1.0,3.6,2.9000000000000004,2.3,2.0,10.8
1.0,3.0,1.0,171.0,2.0,1.0,0.0,0.0,3.42,0.15000000000000008,0.4,0.0,3.9699999999999998
