kills,assists,deaths,cs,turrets,dragons,barons,first_blood,CS_pts,KDA_pts,TDFB_pts,WIN_pts,PTV
4.0,1.0,11.0,22.0,9.0,3.0,1.0,1.0,0.6599999999999999,5.35,2.5,2.0,10.51
1.0,1.0,13.0,40.0,10.0,2.0,2.0,0.0,1.2,4.85,2.4,2.0,10.45
0.0,3.0,3.0,44.0,2.0,0.0,0.0,0.0,1.3199999999999998,0.7499999999999998,0.2,0.0,2.2699999999999996
2.0,2.0,15.0,31.0,11.0,2.0,2.0,1.0,0.9299999999999999,5.85,3.0,2.0,11.78
1.0,2.0,18.0,21.0,8.0,2.0,1.0,1.0,0.63,6.5,2.2,2.0,11.33
0.0,6.0,7.0,36.0,0.0,3.0,0.0,1.0,1.08,1.8499999999999996,1.1,0.0,4.029999999999999
0.0,7.0,9.0,41.0,7.0,4.0,2.0,1.0,1.23,2.4499999999999997,3.0,0.0,6.68
0.0,1.0,5.0,40.0,9.0,3.0,2.0,1.0,1.2,1.65,3.0,2.0,7.85
