kills,assists,deaths,cs,turrets,dragons,barons,first_blood,CS_pts,KDA_pts,TDFB_pts,WIN_pts,PTV
1.0,2.0,15.0,39.0,9.0,3.0,2.0,0.0,1.17,5.45,2.5,2.0,11.120000000000001
1.0,2.0,14.0,30.0,10.0,3.0,1.0,0.0,0.8999999999999999,5.1,2.1,2.0,10.1
1.0,2.0,8.0,40.0,9.0,4.0,1.0,0.0,1.2,3.0,2.2,2.0,8.4
0.0,0.0,16.0,32.0,9.0,2.0,1.0,1.0,0.96,5.6,2.3,2.0,10.86
