kills,assists,deaths,cs,turrets,dragons,barons,first_blood,K_pts,D_pts,A_pts,CS_pts,KDA_pts,TDFB_pts,WIN_pts,PTV
5,0,9,224,9,4,1,True,2.0,0.0,1.8,4.48,3.8,502.2,2000,2510.48
6,0,8,279,10,4,1,False,2.4,0.0,1.6,5.58,4.0,2.3,2000,2011.88
3,6,10,289,10,4,2,True,1.2,-0.9,2.0,5.78,2.3,502.8,2000,2510.88
5,1,5,256,9,2,1,True,2.0,-0.15,1.0,5.12,2.85,501.8,2000,2509.77
0,2,1,223,2,1,0,False,0.0,-0.3,0.2,4.46,-0.09999999999999998,0.4,0,4.760000000000001
