kills,assists,deaths,cs,turrets,dragons,barons,first_blood,CS_pts,KDA_pts,TDFB_pts,WIN_pts,PTV
5.0,0.0,6.0,313.0,9.0,3.0,2.0,0.0,6.26,3.2,2.5,2.0,13.96
2.0,1.0,9.0,285.0,10.0,3.0,1.0,0.0,5.7,2.45,2.1,2.0,12.25
3.0,1.0,7.0,214.0,9.0,4.0,1.0,0.0,4.28,2.45,2.2,2.0,10.93
4.0,2.0,9.0,191.0,9.0,2.0,1.0,1.0,3.8200000000000003,3.1,2.3,2.0,11.219999999999999
