kills,assists,deaths,cs,turrets,dragons,barons,first_blood,CS_pts,KDA_pts,TDFB_pts,WIN_pts,PTV
3.0,3.0,8.0,261.0,11.0,4.0,1.0,1.0,3.915,1.8,2.9000000000000004,2.0,10.615
5.0,4.0,10.0,424.0,6.0,0.0,2.0,0.0,6.359999999999999,2.7,1.6,0.0,10.659999999999998
3.0,1.0,8.0,347.0,9.0,4.0,2.0,1.0,5.205,2.2,3.2,2.0,12.605
0.0,4.0,1.0,282.0,2.0,1.0,0.0,1.0,4.2299999999999995,-0.65,0.9,0.0,4.4799999999999995
2.0,3.0,1.0,254.0,0.0,0.0,0.0,0.0,3.81,0.35,0.0,0.0,4.16
6.0,1.0,7.0,349.0,9.0,3.0,1.0,0.0,5.234999999999999,3.25,2.0,2.0,12.485
2.0,3.0,3.0,193.0,1.0,0.0,0.0,0.0,2.895,0.6499999999999999,0.1,0.0,3.645
6.0,2.0,12.0,488.0,10.0,4.0,2.0,0.0,7.319999999999999,3.8000000000000003,2.8,2.0,15.919999999999998
