kills,assists,deaths,cs,turrets,dragons,barons,first_blood,CS_pts,KDA_pts,TDFB_pts,WIN_pts,PTV
2.0,2.0,12.0,247.0,9.0,4.0,1.0,0.0,3.705,2.1999999999999997,2.2,2.0,10.105
3.0,0.0,5.0,290.0,10.0,3.0,1.0,1.0,4.35,1.9500000000000002,2.6,2.0,10.9
0.0,0.0,5.0,201.0,10.0,3.0,1.0,1.0,3.0149999999999997,0.75,2.6,2.0,8.365
4.0,4.0,1.0,271.0,4.0,1.0,0.0,1.0,4.0649999999999995,0.9500000000000001,1.1,0.0,6.115
5.0,4.0,4.0,348.0,7.0,2.0,0.0,1.0,5.22,1.7999999999999998,1.6,2.0,10.62
