kills,assists,deaths,cs,turrets,dragons,barons,first_blood,CS_pts,KDA_pts,TDFB_pts,WIN_pts,PTV
2,2,12,247,9,4,1,False,3.705,2.1999999999999997,2.2,2.0,10.105
3,0,5,290,10,3,1,True,4.35,1.9500000000000002,2.6,2.0,10.9
0,0,5,201,10,3,1,True,3.0149999999999997,0.75,2.6,2.0,8.365
4,4,1,271,4,1,0,True,4.0649999999999995,0.9500000000000001,1.1,0.0,6.115
5,4,4,348,7,2,0,True,5.22,1.7999999999999998,1.6,2.0,10.62
