kills,assists,deaths,cs,turrets,dragons,barons,first_blood,K_pts,D_pts,A_pts,CS_pts,KDA_pts,TDFB_pts,WIN_pts,PTV
2,2,12,247,9,4,1,False,0.8,-0.4,1.8,3.705,2.2,2.2,2000,2008.105
3,0,5,290,10,3,1,True,1.2,0.0,0.75,4.35,1.95,502.1,2000,2508.4
0,0,5,201,10,3,1,True,0.0,0.0,0.75,3.015,0.75,502.1,2000,2505.865
4,4,1,271,4,1,0,True,1.6,-0.8,0.15,4.065,0.9500000000000001,500.6,0,505.615
5,4,4,348,7,2,0,True,2.0,-0.8,0.6,5.22,1.7999999999999998,501.1,2000,2508.12
