kills,assists,deaths,cs,turrets,dragons,barons,first_blood,CS_pts,KDA_pts,TDFB_pts,WIN_pts,PTV
6.0,2.0,7.0,270.0,9.0,4.0,1.0,1.0,4.05,3.0500000000000007,2.7,2.0,11.8
1.0,0.0,15.0,194.0,10.0,4.0,1.0,0.0,2.9099999999999997,2.65,2.3,2.0,9.86
12.0,4.0,6.0,383.0,10.0,4.0,2.0,1.0,5.745,4.9,3.3,2.0,15.945
1.0,0.0,13.0,184.0,9.0,2.0,1.0,1.0,2.76,2.35,2.3,2.0,9.41
0.0,2.0,1.0,250.0,2.0,1.0,0.0,0.0,3.75,-0.25,0.4,0.0,3.9
