kills,assists,deaths,cs,turrets,dragons,barons,first_blood,CS_pts,KDA_pts,TDFB_pts,WIN_pts,PTV
11,0,3,353,9,4,1,False,5.295,4.8500000000000005,2.2,2.0,14.344999999999999
2,1,8,167,10,3,1,True,2.505,1.8,2.6,2.0,8.905
4,0,3,224,10,3,1,True,3.36,2.05,2.6,2.0,10.01
0,3,2,292,4,1,0,True,4.38,-0.3000000000000001,1.1,0.0,5.18
3,2,8,388,7,2,0,True,5.819999999999999,2.0,1.6,2.0,11.42
