kills,assists,deaths,cs,turrets,dragons,barons,first_blood,CS_pts,KDA_pts,TDFB_pts,WIN_pts,PTV
11.0,0.0,3.0,353.0,9.0,4.0,1.0,0.0,5.295,4.8500000000000005,2.2,2.0,14.344999999999999
2.0,1.0,8.0,167.0,10.0,3.0,1.0,1.0,2.505,1.8,2.6,2.0,8.905
4.0,0.0,3.0,224.0,10.0,3.0,1.0,1.0,3.36,2.05,2.6,2.0,10.01
0.0,3.0,2.0,292.0,4.0,1.0,0.0,1.0,4.38,-0.3000000000000001,1.1,0.0,5.18
3.0,2.0,8.0,388.0,7.0,2.0,0.0,1.0,5.819999999999999,2.0,1.6,2.0,11.42
