kills,assists,deaths,cs,turrets,dragons,barons,first_blood,CS_pts,KDA_pts,TDFB_pts,WIN_pts,PTV
0.0,1.0,14.0,38.0,8.0,1.0,1.0,0.0,1.14,4.8,1.5,2.0,9.44
0.0,4.0,0.0,34.0,2.0,0.0,0.0,1.0,1.02,-0.4,0.7,0.0,1.3199999999999998
0.0,1.0,11.0,22.0,9.0,2.0,2.0,0.0,0.6599999999999999,3.7499999999999996,2.3,2.0,8.709999999999999
0.0,5.0,4.0,29.0,2.0,1.0,0.0,1.0,0.87,0.8999999999999999,0.9,0.0,2.67
0.0,1.0,13.0,38.0,8.0,3.0,1.0,1.0,1.14,4.45,2.4000000000000004,2.0,9.99
0.0,3.0,4.0,33.0,3.0,3.0,0.0,0.0,0.99,1.0999999999999999,0.9000000000000001,0.0,2.99
1.0,1.0,8.0,27.0,10.0,4.0,1.0,1.0,0.8099999999999999,3.0999999999999996,2.8,2.0,8.709999999999999
1.0,3.0,12.0,41.0,9.0,2.0,2.0,1.0,1.23,4.299999999999999,2.8,2.0,10.329999999999998
