kills,assists,deaths,cs,turrets,dragons,barons,first_blood,K_pts,D_pts,A_pts,CS_pts,KDA_pts,TDFB_pts,WIN_pts,PTV
0,1,16,44,9,4,1,True,0.0,-0.1,5.6,1.32,5.5,502.2,2000,2509.02
5,1,15,55,10,4,1,False,2.0,-0.1,5.25,1.65,7.15,2.3,2000,2011.1
0,4,17,32,10,4,2,True,0.0,-0.4,5.95,0.96,5.55,502.8,2000,2509.31
5,1,11,38,9,2,1,True,2.0,-0.1,3.85,1.14,5.75,501.8,2000,2508.69
0,3,1,29,2,1,0,False,0.0,-0.3,0.35,0.87,0.04999999999999999,0.4,0,1.3199999999999998
