kills,assists,deaths,cs,turrets,dragons,barons,first_blood,CS_pts,KDA_pts,TDFB_pts,WIN_pts,PTV
2.0,2.0,4.0,180.0,8.0,2.0,1.0,0.0,3.6,1.3,1.7000000000000002,2.0,8.600000000000001
1.0,3.0,1.0,168.0,0.0,1.0,0.0,0.0,3.36,0.15000000000000008,0.2,0.0,3.71
4.0,1.0,10.0,180.0,8.0,1.0,1.0,1.0,3.6,3.45,2.0,2.0,11.05
6.0,2.0,12.0,157.0,10.0,4.0,1.0,1.0,3.14,4.500000000000001,2.8,2.0,12.440000000000001
2.0,3.0,12.0,185.0,9.0,3.0,1.0,0.0,3.7,2.7500000000000004,2.0,2.0,10.450000000000001
