kills,assists,deaths,cs,turrets,dragons,barons,first_blood,K_pts,D_pts,A_pts,CS_pts,KDA_pts,TDFB_pts,WIN_pts,PTV
0,1,13,33,9,4,1,False,0.0,-0.1,4.55,0.99,4.45,2.2,2000,2007.64
4,0,4,65,10,3,1,True,1.6,0.0,1.4,1.95,3.0,502.1,2000,2507.05
1,0,11,22,10,3,1,True,0.4,0.0,3.85,0.66,4.25,502.1,2000,2507.01
0,2,2,33,4,1,0,True,0.0,-0.2,0.7,0.99,0.49999999999999994,500.6,0,502.09000000000003
1,2,12,24,7,2,0,True,0.4,-0.2,4.2,0.72,4.4,501.1,2000,2506.2200000000003
