kills,assists,deaths,cs,turrets,dragons,barons,first_blood,CS_pts,KDA_pts,TDFB_pts,WIN_pts,PTV
0.0,1.0,13.0,33.0,9.0,4.0,1.0,0.0,0.99,4.45,2.2,2.0,9.64
4.0,0.0,4.0,65.0,10.0,3.0,1.0,1.0,1.95,3.0,2.6,2.0,9.55
1.0,0.0,11.0,22.0,10.0,3.0,1.0,1.0,0.6599999999999999,4.25,2.6,2.0,9.51
0.0,2.0,2.0,33.0,4.0,1.0,0.0,1.0,0.99,0.49999999999999994,1.1,0.0,2.59
1.0,2.0,12.0,24.0,7.0,2.0,0.0,1.0,0.72,4.3999999999999995,1.6,2.0,8.719999999999999
