kills,assists,deaths,cs,turrets,dragons,barons,first_blood,K_pts,D_pts,A_pts,CS_pts,KDA_pts,TDFB_pts,WIN_pts,PTV
3,3,8,368,9,3,1,False,1.2000000000000002,-0.44999999999999996,1.6,7.36,2.3500000000000005,2.0,2.0,13.71
4,1,9,302,11,1,2,False,1.6,-0.15,1.8,6.04,3.25,2.3,2.0,13.59
1,4,1,174,1,2,0,True,0.4,-0.6,0.2,3.48,5.551115123125783e-17,1.0,0.0,4.48
1,2,2,293,10,4,2,False,0.4,-0.3,0.4,5.86,0.5,2.8,2.0,11.16
1,4,2,258,3,3,0,True,0.4,-0.6,0.4,5.16,0.20000000000000007,1.4000000000000001,0.0,6.760000000000001
3,3,12,275,9,3,2,False,1.2000000000000002,-0.44999999999999996,2.4000000000000004,5.5,3.1500000000000004,2.5,2.0,13.15
1,2,11,279,9,1,1,True,0.4,-0.3,2.2,5.58,2.3000000000000003,2.1,2.0,11.98
2,5,4,353,4,2,1,True,0.8,-0.75,0.8,7.0600000000000005,0.8500000000000001,1.8,0.0,9.71
