kills,assists,deaths,cs,turrets,dragons,barons,first_blood,K_pts,D_pts,A_pts,CS_pts,KDA_pts,TDFB_pts,WIN_pts,PTV
3,3,8,368,9,3,1,False,1.2,-0.45,1.6,7.36,2.35,2.0,2000,2011.71
4,1,9,302,11,1,2,False,1.6,-0.15,1.8,6.04,3.25,2.3,2000,2011.59
1,4,1,174,1,2,0,True,0.4,-0.6,0.2,3.48,5.551115123125783e-17,500.5,0,503.98
1,2,2,293,10,4,2,False,0.4,-0.3,0.4,5.86,0.5,2.8,2000,2009.16
1,4,2,258,3,3,0,True,0.4,-0.6,0.4,5.16,0.20000000000000007,500.9,0,506.26
3,3,12,275,9,3,2,False,1.2,-0.45,2.4,5.5,3.15,2.5,2000,2011.15
1,2,11,279,9,1,1,True,0.4,-0.3,2.2,5.58,2.3000000000000003,501.6,2000,2509.48
2,5,4,353,4,2,1,True,0.8,-0.75,0.8,7.06,0.8500000000000001,501.3,0,509.21000000000004
