kills,assists,deaths,cs,turrets,dragons,barons,first_blood,CS_pts,KDA_pts,TDFB_pts,WIN_pts,PTV
4.0,0.0,6.0,236.0,8.0,2.0,1.0,0.0,3.54,2.5,1.7000000000000002,2.0,9.74
0.0,3.0,2.0,252.0,0.0,1.0,0.0,0.0,3.78,-0.3000000000000001,0.2,0.0,3.6799999999999997
6.0,2.0,8.0,246.0,8.0,1.0,1.0,1.0,3.69,3.2,2.0,2.0,10.89
2.0,2.0,12.0,209.0,10.0,4.0,1.0,1.0,3.135,2.1999999999999997,2.8,2.0,10.134999999999998
6.0,1.0,4.0,265.0,9.0,3.0,1.0,0.0,3.9749999999999996,2.8000000000000003,2.0,2.0,10.775
