kills,assists,deaths,cs,turrets,dragons,barons,first_blood,CS_pts,KDA_pts,TDFB_pts,WIN_pts,PTV
0.0,6.0,10.0,38.0,9.0,3.0,1.0,0.0,1.14,2.9,2.0,2.0,8.04
0.0,3.0,7.0,40.0,11.0,1.0,2.0,0.0,1.2,2.1499999999999995,2.3,2.0,7.6499999999999995
1.0,3.0,1.0,29.0,1.0,2.0,0.0,1.0,0.87,0.44999999999999996,1.0,0.0,2.32
0.0,1.0,9.0,36.0,10.0,4.0,2.0,0.0,1.08,3.05,2.8,2.0,8.93
1.0,3.0,6.0,44.0,3.0,3.0,0.0,1.0,1.3199999999999998,2.1999999999999997,1.4000000000000001,0.0,4.92
0.0,2.0,15.0,48.0,9.0,3.0,2.0,0.0,1.44,5.05,2.5,2.0,10.99
1.0,1.0,11.0,33.0,9.0,1.0,1.0,1.0,0.99,4.1499999999999995,2.1,2.0,9.24
0.0,1.0,5.0,55.0,4.0,2.0,1.0,1.0,1.65,1.65,1.8,0.0,5.1
