kills,assists,deaths,cs,turrets,dragons,barons,first_blood,K_pts,D_pts,A_pts,CS_pts,KDA_pts,TDFB_pts,WIN_pts,PTV
5,0,7,253,9,3,1,True,2.0,0.0,1.05,3.795,3.05,2.5,2.0,11.344999999999999
10,1,4,332,10,2,2,False,4.0,-0.2,0.6,4.98,4.4,2.4,2.0,13.780000000000001
1,2,1,272,2,0,0,False,0.4,-0.4,0.15,4.08,0.15,0.2,0.0,4.430000000000001
8,0,7,237,11,2,2,True,3.2,0.0,1.05,3.555,4.25,3.0,2.0,12.805
11,3,8,284,8,2,1,True,4.4,-0.6,1.2,4.26,5.0,2.2,2.0,13.46
3,2,8,376,0,3,0,True,1.2,-0.4,1.2,5.64,2.0,1.1,0.0,8.74
4,4,7,311,7,4,2,True,1.6,-0.8,1.05,4.665,1.85,3.0,0.0,9.515
7,0,4,298,9,3,2,True,2.8,0.0,0.6,4.47,3.4,3.0,2.0,12.87
