kills,assists,deaths,cs,turrets,dragons,barons,first_blood,CS_pts,KDA_pts,TDFB_pts,WIN_pts,PTV
1.0,1.0,12.0,34.0,8.0,2.0,1.0,0.0,1.02,4.499999999999999,1.7000000000000002,2.0,9.219999999999999
0.0,4.0,1.0,33.0,0.0,1.0,0.0,0.0,0.99,-0.050000000000000044,0.2,0.0,1.14
1.0,0.0,13.0,25.0,8.0,1.0,1.0,1.0,0.75,4.95,2.0,2.0,9.7
0.0,1.0,12.0,34.0,10.0,4.0,1.0,1.0,1.02,4.1,2.8,2.0,9.919999999999998
0.0,0.0,11.0,25.0,9.0,3.0,1.0,0.0,0.75,3.8499999999999996,2.0,2.0,8.6
