kills,assists,deaths,cs,turrets,dragons,barons,first_blood,CS_pts,KDA_pts,TDFB_pts,WIN_pts,PTV
1,0,11,53,11,4,1,True,1.5899999999999999,4.25,2.9000000000000004,2.0,10.74
0,2,18,68,6,0,2,False,2.04,6.1,1.6,0.0,9.74
0,2,13,30,9,4,2,True,0.8999999999999999,4.35,3.2,2.0,10.45
0,5,0,37,2,1,0,True,1.1099999999999999,-0.5,0.9,0.0,1.5099999999999998
1,2,2,35,0,0,0,False,1.05,0.8999999999999999,0.0,0.0,1.95
1,1,11,36,9,3,1,False,1.08,4.1499999999999995,2.0,2.0,9.23
1,3,4,27,1,0,0,False,0.8099999999999999,1.5,0.1,0.0,2.41
0,2,17,67,10,4,2,False,2.01,5.749999999999999,2.8,2.0,12.559999999999999
