kills,assists,deaths,cs,turrets,dragons,barons,first_blood,CS_pts,KDA_pts,TDFB_pts,WIN_pts,PTV
1.0,0.0,11.0,53.0,11.0,4.0,1.0,1.0,1.5899999999999999,4.25,2.9000000000000004,2.0,10.74
0.0,2.0,18.0,68.0,6.0,0.0,2.0,0.0,2.04,6.1,1.6,0.0,9.74
0.0,2.0,13.0,30.0,9.0,4.0,2.0,1.0,0.8999999999999999,4.35,3.2,2.0,10.45
0.0,5.0,0.0,37.0,2.0,1.0,0.0,1.0,1.1099999999999999,-0.5,0.9,0.0,1.5099999999999998
1.0,2.0,2.0,35.0,0.0,0.0,0.0,0.0,1.05,0.8999999999999999,0.0,0.0,1.95
1.0,1.0,11.0,36.0,9.0,3.0,1.0,0.0,1.08,4.1499999999999995,2.0,2.0,9.23
1.0,3.0,4.0,27.0,1.0,0.0,0.0,0.0,0.8099999999999999,1.5,0.1,0.0,2.41
0.0,2.0,17.0,67.0,10.0,4.0,2.0,0.0,2.01,5.749999999999999,2.8,2.0,12.559999999999999
