kills,assists,deaths,cs,turrets,dragons,barons,first_blood,CS_pts,KDA_pts,TDFB_pts,WIN_pts,PTV
3.0,1.0,13.0,178.0,9.0,4.0,1.0,0.0,3.56,3.6500000000000004,2.2,2.0,11.41
1.0,1.0,7.0,171.0,10.0,3.0,1.0,1.0,3.42,1.6500000000000001,2.6,2.0,9.67
7.0,0.0,8.0,158.0,10.0,3.0,1.0,1.0,3.16,4.4,2.6,2.0,12.16
2.0,3.0,3.0,177.0,4.0,1.0,0.0,1.0,3.54,0.9500000000000002,1.1,0.0,5.59
0.0,3.0,10.0,177.0,7.0,2.0,0.0,1.0,3.54,1.55,1.6,2.0,8.69
