kills,assists,deaths,cs,turrets,dragons,barons,first_blood,CS_pts,KDA_pts,TDFB_pts,WIN_pts,PTV
2.0,1.0,11.0,272.0,9.0,4.0,1.0,1.0,4.08,2.25,2.7,2.0,11.030000000000001
3.0,2.0,14.0,237.0,10.0,4.0,1.0,0.0,3.5549999999999997,2.9000000000000004,2.3,2.0,10.754999999999999
6.0,6.0,11.0,333.0,10.0,4.0,2.0,1.0,4.995,2.85,3.3,2.0,13.145
8.0,0.0,11.0,251.0,9.0,2.0,1.0,1.0,3.7649999999999997,4.85,2.3,2.0,12.915
2.0,2.0,0.0,275.0,2.0,1.0,0.0,0.0,4.125,0.4,0.4,0.0,4.925000000000001
