kills,assists,deaths,cs,turrets,dragons,barons,first_blood,K_pts,D_pts,A_pts,CS_pts,KDA_pts,TDFB_pts,WIN_pts,PTV
2,1,11,272,9,4,1,True,0.8,-0.2,1.65,4.08,2.25,502.2,2000,2508.5299999999997
3,2,14,237,10,4,1,False,1.2,-0.4,2.1,3.555,2.9,2.3,2000,2008.755
6,6,11,333,10,4,2,True,2.4,-1.2,1.65,4.995,2.8499999999999996,502.8,2000,2510.645
8,0,11,251,9,2,1,True,3.2,0.0,1.65,3.765,4.85,501.8,2000,2510.415
2,2,0,275,2,1,0,False,0.8,-0.4,0.0,4.125,0.4,0.4,0,4.925000000000001
