kills,assists,deaths,cs,turrets,dragons,barons,first_blood,CS_pts,KDA_pts,TDFB_pts,WIN_pts,PTV
3,0,17,167,9,3,2,False,3.34,4.6000000000000005,2.5,2.0,12.440000000000001
4,1,10,193,10,3,1,False,3.86,3.45,2.1,2.0,11.41
2,2,3,207,9,4,1,False,4.14,1.1,2.2,2.0,9.440000000000001
7,2,9,156,9,2,1,True,3.12,4.300000000000001,2.3,2.0,11.72
