kills,assists,deaths,cs,turrets,dragons,barons,first_blood,CS_pts,KDA_pts,TDFB_pts,WIN_pts,PTV
3.0,0.0,17.0,167.0,9.0,3.0,2.0,0.0,3.34,4.6000000000000005,2.5,2.0,12.440000000000001
4.0,1.0,10.0,193.0,10.0,3.0,1.0,0.0,3.86,3.45,2.1,2.0,11.41
2.0,2.0,3.0,207.0,9.0,4.0,1.0,0.0,4.14,1.1,2.2,2.0,9.440000000000001
7.0,2.0,9.0,156.0,9.0,2.0,1.0,1.0,3.12,4.300000000000001,2.3,2.0,11.72
