kills,assists,deaths,cs,turrets,dragons,barons,first_blood,CS_pts,KDA_pts,TDFB_pts,WIN_pts,PTV
3,2,7,279,8,2,1,False,4.185,1.85,1.7000000000000002,2.0,9.735
0,1,1,294,0,1,0,False,4.41,-0.05000000000000002,0.2,0.0,4.5600000000000005
4,2,6,301,8,1,1,True,4.515,2.1,2.0,2.0,10.615
8,1,5,223,10,4,1,True,3.3449999999999998,3.75,2.8,2.0,11.895
4,0,6,285,9,3,1,False,4.2749999999999995,2.5,2.0,2.0,10.774999999999999
