kills,assists,deaths,cs,turrets,dragons,barons,first_blood,CS_pts,KDA_pts,TDFB_pts,WIN_pts,PTV
3.0,2.0,7.0,279.0,8.0,2.0,1.0,0.0,4.185,1.85,1.7000000000000002,2.0,9.735
0.0,1.0,1.0,294.0,0.0,1.0,0.0,0.0,4.41,-0.05000000000000002,0.2,0.0,4.5600000000000005
4.0,2.0,6.0,301.0,8.0,1.0,1.0,1.0,4.515,2.1,2.0,2.0,10.615
8.0,1.0,5.0,223.0,10.0,4.0,1.0,1.0,3.3449999999999998,3.75,2.8,2.0,11.895
4.0,0.0,6.0,285.0,9.0,3.0,1.0,0.0,4.2749999999999995,2.5,2.0,2.0,10.774999999999999
