kills,assists,deaths,cs,turrets,dragons,barons,first_blood,CS_pts,KDA_pts,TDFB_pts,WIN_pts,PTV
3.0,1.0,10.0,227.0,8.0,1.0,1.0,0.0,3.405,2.5,1.5,2.0,9.405
1.0,2.0,1.0,303.0,2.0,0.0,0.0,1.0,4.545,0.15,0.7,0.0,5.3950000000000005
3.0,3.0,6.0,261.0,9.0,2.0,2.0,0.0,3.915,1.5,2.3,2.0,9.715
3.0,2.0,2.0,239.0,2.0,1.0,0.0,1.0,3.585,1.1,0.9,0.0,5.585000000000001
5.0,0.0,6.0,274.0,8.0,3.0,1.0,1.0,4.109999999999999,2.9,2.4000000000000004,2.0,11.41
1.0,4.0,4.0,201.0,3.0,3.0,0.0,0.0,3.0149999999999997,0.19999999999999996,0.9000000000000001,0.0,4.115
7.0,1.0,4.0,298.0,10.0,4.0,1.0,1.0,4.47,3.2,2.8,2.0,12.469999999999999
11.0,0.0,7.0,257.0,9.0,2.0,2.0,1.0,3.855,5.45,2.8,2.0,14.105
