kills,assists,deaths,cs,turrets,dragons,barons,first_blood,K_pts,D_pts,A_pts,CS_pts,KDA_pts,TDFB_pts,WIN_pts,PTV
3,1,10,227,8,1,1,False,1.2,-0.2,1.5,3.405,2.5,1.5,2000,2007.405
1,2,1,303,2,0,0,True,0.4,-0.4,0.15,4.545,0.15,500.2,0,504.895
3,3,6,261,9,2,2,False,1.2,-0.6,0.9,3.915,1.5,2.3,2000,2007.715
3,2,2,239,2,1,0,True,1.2,-0.4,0.3,3.585,1.0999999999999999,500.4,0,505.085
5,0,6,274,8,3,1,True,2.0,0.0,0.9,4.11,2.9,501.9,2000,2508.91
1,4,4,201,3,3,0,False,0.4,-0.8,0.6,3.015,0.19999999999999996,0.8999999999999999,0,4.115
7,1,4,298,10,4,1,True,2.8,-0.2,0.6,4.47,3.1999999999999997,502.3,2000,2509.9700000000003
11,0,7,257,9,2,2,True,4.4,0.0,1.05,3.855,5.45,502.3,2000,2511.605
