kills,assists,deaths,cs,turrets,dragons,barons,first_blood,CS_pts,KDA_pts,TDFB_pts,WIN_pts,PTV
1,2,6,171,9,3,1,True,3.42,1.3000000000000003,2.5,2.0,9.22
4,1,8,296,10,2,2,False,5.92,3.0500000000000003,2.4,2.0,13.370000000000001
0,4,2,223,2,0,0,False,4.46,-0.19999999999999996,0.2,0.0,4.46
4,2,7,236,11,2,2,True,4.72,2.7,3.0,2.0,12.42
4,1,5,231,8,2,1,True,4.62,2.45,2.2,2.0,11.27
1,6,4,278,0,3,0,True,5.5600000000000005,0.30000000000000016,1.1,0.0,6.960000000000001
9,6,7,296,7,4,2,True,5.92,4.1000000000000005,3.0,0.0,13.02
0,1,3,280,9,3,2,True,5.6000000000000005,0.45000000000000007,3.0,2.0,11.05
