kills,assists,deaths,cs,turrets,dragons,barons,first_blood,CS_pts,KDA_pts,TDFB_pts,WIN_pts,PTV
1.0,2.0,6.0,171.0,9.0,3.0,1.0,1.0,3.42,1.3000000000000003,2.5,2.0,9.22
4.0,1.0,8.0,296.0,10.0,2.0,2.0,0.0,5.92,3.0500000000000003,2.4,2.0,13.370000000000001
0.0,4.0,2.0,223.0,2.0,0.0,0.0,0.0,4.46,-0.19999999999999996,0.2,0.0,4.46
4.0,2.0,7.0,236.0,11.0,2.0,2.0,1.0,4.72,2.7,3.0,2.0,12.42
4.0,1.0,5.0,231.0,8.0,2.0,1.0,1.0,4.62,2.45,2.2,2.0,11.27
1.0,6.0,4.0,278.0,0.0,3.0,0.0,1.0,5.5600000000000005,0.30000000000000016,1.1,0.0,6.960000000000001
9.0,6.0,7.0,296.0,7.0,4.0,2.0,1.0,5.92,4.1000000000000005,3.0,0.0,13.02
0.0,1.0,3.0,280.0,9.0,3.0,2.0,1.0,5.6000000000000005,0.45000000000000007,3.0,2.0,11.05
