kills,assists,deaths,cs,turrets,dragons,barons,first_blood,CS_pts,KDA_pts,TDFB_pts,WIN_pts,PTV
2.0,2.0,8.0,108.0,9.0,3.0,1.0,1.0,2.16,2.1,2.5,2.0,8.76
0.0,1.0,15.0,142.0,10.0,2.0,2.0,0.0,2.84,2.85,2.4,2.0,10.09
0.0,2.0,2.0,116.0,2.0,0.0,0.0,0.0,2.32,0.10000000000000003,0.2,0.0,2.62
2.0,1.0,12.0,151.0,11.0,2.0,2.0,1.0,3.02,3.0500000000000003,3.0,2.0,11.07
2.0,4.0,11.0,139.0,8.0,2.0,1.0,1.0,2.7800000000000002,2.4000000000000004,2.2,2.0,9.38
1.0,8.0,6.0,162.0,0.0,3.0,0.0,1.0,3.24,0.40000000000000024,1.1,0.0,4.74
5.0,4.0,10.0,256.0,7.0,4.0,2.0,1.0,5.12,3.4,3.0,0.0,11.52
2.0,0.0,5.0,169.0,9.0,3.0,2.0,1.0,3.38,1.8,3.0,2.0,10.18
