kills,assists,deaths,cs,turrets,dragons,barons,first_blood,CS_pts,KDA_pts,TDFB_pts,WIN_pts,PTV
5.0,1.0,8.0,204.0,9.0,3.0,1.0,1.0,3.06,3.0,2.5,2.0,10.56
3.0,4.0,10.0,250.0,10.0,2.0,2.0,0.0,3.75,1.9000000000000001,2.4,2.0,10.05
3.0,2.0,0.0,234.0,2.0,0.0,0.0,0.0,3.51,0.8000000000000002,0.2,0.0,4.51
3.0,0.0,10.0,253.0,11.0,2.0,2.0,1.0,3.795,2.7,3.0,2.0,11.495000000000001
1.0,5.0,12.0,227.0,8.0,2.0,1.0,1.0,3.405,1.1999999999999997,2.2,2.0,8.805
6.0,1.0,2.0,342.0,0.0,3.0,0.0,1.0,5.13,2.5,1.1,0.0,8.73
5.0,5.0,10.0,352.0,7.0,4.0,2.0,1.0,5.279999999999999,2.5,3.0,0.0,10.78
3.0,1.0,5.0,318.0,9.0,3.0,2.0,1.0,4.77,1.7500000000000002,3.0,2.0,11.52
