kills,assists,deaths,cs,turrets,dragons,barons,first_blood,CS_pts,KDA_pts,TDFB_pts,WIN_pts,PTV
5,1,8,204,9,3,1,True,3.06,3.0,2.5,2.0,10.56
3,4,10,250,10,2,2,False,3.75,1.9000000000000001,2.4,2.0,10.05
3,2,0,234,2,0,0,False,3.51,0.8000000000000002,0.2,0.0,4.51
3,0,10,253,11,2,2,True,3.795,2.7,3.0,2.0,11.495000000000001
1,5,12,227,8,2,1,True,3.405,1.1999999999999997,2.2,2.0,8.805
6,1,2,342,0,3,0,True,5.13,2.5,1.1,0.0,8.73
5,5,10,352,7,4,2,True,5.279999999999999,2.5,3.0,0.0,10.78
3,1,5,318,9,3,2,True,4.77,1.7500000000000002,3.0,2.0,11.52
