kills,assists,deaths,cs,turrets,dragons,barons,first_blood,K_pts,D_pts,A_pts,CS_pts,KDA_pts,TDFB_pts,WIN_pts,PTV
4,1,9,181,11,4,1,True,1.6,-0.15,1.8,3.62,3.25,502.4,2000,2509.27
4,4,10,190,6,0,2,False,1.6,-0.6,2.0,3.8,3.0,1.6,0,8.4
2,0,8,191,9,4,2,True,0.8,0.0,1.6,3.82,2.4000000000000004,502.7,2000,2508.92
0,3,4,178,2,1,0,True,0.0,-0.45,0.8,3.56,0.35000000000000003,500.4,0,504.31
0,3,3,163,0,0,0,False,0.0,-0.45,0.6,3.26,0.14999999999999997,0.0,0,3.4099999999999997
1,2,13,180,9,3,1,False,0.4,-0.3,2.6,3.6,2.7,2.0,2000,2008.3
1,4,4,143,1,0,0,False,0.4,-0.6,0.8,2.86,0.6000000000000001,0.1,0,3.56
6,2,12,210,10,4,2,False,2.4,-0.3,2.4,4.2,4.5,2.8,2000,2011.5
