kills,assists,deaths,cs,turrets,dragons,barons,first_blood,CS_pts,KDA_pts,TDFB_pts,WIN_pts,PTV
4,1,9,232,11,4,1,True,3.48,2.75,2.9000000000000004,2.0,11.13
5,8,6,331,6,0,2,False,4.965,1.2999999999999998,1.6,0.0,7.865
4,0,7,298,9,4,2,True,4.47,2.6500000000000004,3.2,2.0,12.32
4,3,0,240,2,1,0,True,3.5999999999999996,1.0,0.9,0.0,5.5
0,2,1,279,0,0,0,False,4.185,-0.25,0.0,0.0,3.9349999999999996
1,3,13,264,9,3,1,False,3.96,1.75,2.0,2.0,9.71
0,5,6,218,1,0,0,False,3.27,-0.10000000000000009,0.1,0.0,3.27
3,3,13,338,10,4,2,False,5.069999999999999,2.55,2.8,2.0,12.419999999999998
