kills,assists,deaths,cs,turrets,dragons,barons,first_blood,CS_pts,KDA_pts,TDFB_pts,WIN_pts,PTV
0,2,5,248,9,4,1,False,4.96,0.7,2.2,2.0,9.86
3,1,2,317,10,3,1,True,6.34,1.4500000000000002,2.6,2.0,12.39
3,0,7,200,10,3,1,True,4.0,2.6000000000000005,2.6,2.0,11.200000000000001
0,2,0,263,4,1,0,True,5.26,-0.3,1.1,0.0,6.0600000000000005
6,3,4,348,7,2,0,True,6.96,2.7500000000000004,1.6,2.0,13.31
