kills,assists,deaths,cs,turrets,dragons,barons,first_blood,CS_pts,KDA_pts,TDFB_pts,WIN_pts,PTV
0.0,2.0,5.0,248.0,9.0,4.0,1.0,0.0,4.96,0.7,2.2,2.0,9.86
3.0,1.0,2.0,317.0,10.0,3.0,1.0,1.0,6.34,1.4500000000000002,2.6,2.0,12.39
3.0,0.0,7.0,200.0,10.0,3.0,1.0,1.0,4.0,2.6000000000000005,2.6,2.0,11.200000000000001
0.0,2.0,0.0,263.0,4.0,1.0,0.0,1.0,5.26,-0.3,1.1,0.0,6.0600000000000005
6.0,3.0,4.0,348.0,7.0,2.0,0.0,1.0,6.96,2.7500000000000004,1.6,2.0,13.31
